{

	"metadata" :
	{
		"formatVersion" : 3.1,
		"generatedBy"   : "Blender 2.65 Exporter",
		"vertices"      : 12,
		"faces"         : 7,
		"normals"       : 9,
		"colors"        : 0,
		"uvs"           : [],
		"materials"     : 1,
		"morphTargets"  : 0,
		"bones"         : 0
	},

	"scale" : 1.000000,

	"materials" : [	{
		"DbgColor" : 15658734,
		"DbgIndex" : 0,
		"DbgName" : "default",
		"vertexColors" : false
	},

		{
			"DbgColor" : 15597568,
			"DbgIndex" : 1,
			"DbgName" : "Material",
			"blending" : "NormalBlending",
			"colorAmbient" : [0.6400000190734865, 0.6400000190734865, 0.6400000190734865],
			"colorDiffuse" : [0.6400000190734865, 0.6400000190734865, 0.6400000190734865],
			"colorSpecular" : [0.5, 0.5, 0.5],
			"depthTest" : true,
			"depthWrite" : true,
			"shading" : "Lambert",
			"specularCoef" : 50,
			"transparency" : 1.0,
			"transparent" : false,
			"vertexColors" : false
		}],

	"vertices" : [5.72732,0.0384527,4.47549,-5.5193,0.0384527,4.47549,5.72732,0.0384523,-5.61619,-5.5193,0.0384523,-5.61619,1,0.154914,-1,1,0.154914,1,-1,0.154914,1,-1,0.154914,-1,1,2.15491,-1,0.999999,2.15491,1,-1,2.15491,1,-1,2.15491,-1],

	"morphTargets" : [],

	"normals" : [0,1,0,0.577349,-0.577349,-0.577349,0.577349,-0.577349,0.577349,-0.577349,-0.577349,0.577349,-0.577349,-0.577349,-0.577349,0.577349,0.577349,-0.577349,-0.577349,0.577349,-0.577349,-0.577349,0.577349,0.577349,0.577349,0.577349,0.577349],

	"colors" : [],

	"uvs" : [],

	"faces" : [35,1,0,2,3,0,0,0,0,0,35,4,5,6,7,1,1,2,3,4,35,8,11,10,9,1,5,6,7,8,35,4,8,9,5,1,1,5,8,2,35,5,9,10,6,1,2,8,7,3,35,6,10,11,7,1,3,7,6,4,35,8,4,7,11,1,5,1,4,6],

	"bones" : [],

	"skinIndices" : [],

	"skinWeights" : [],

	"animations" : []


}
